 das Netzwerk,network
 Schweden,Sweden
ab,from (20 Euro and up)
Abendessen,dinner
Abendkleidung, evening wear  
abends,in the evening
aber,but
abholen,to pick up (Wir holen dich zu Hause ab.)
abrechnen, to calculate  
Ach so.,I see.
Ach!, Oh!  
ähnlich,similar
alle,all
allein, alone  
als,than (More than 10 people.)
also,so (sl.) (So this is the train station.)
alt,old (She is 25 years old.)
am, at, on (Ich wohne am Kölner Platz. - I live on the Kölner Platz.)  
am (Am Vormittag haben wir keine Zeit.), in, during (We have no time in the morning.)
an,at (an der Uni)
andere,other
anders,different
anfangen,to start (er fängt an)
ankommen, to arrive  
ankreuzen,to mark
anmalen,to paint
anmelden, to register, to log on
anmelden (Ich melde mich im Fitness-Studio an.), to register, to log on, to sign in (I sign in at the fitness center.)  
anprobieren (Kann ich den Rock anprobieren?), to try on (Can I try the skirt on?)  
anrufen,to call
ansehen,to look at (er sieht an)
anspannen, to tighten, to tense  
ansprechen, to speak to, to appeal to  
anstrengend, exhausting, strenuous
antworten,to answer
anziehen, to get dressed  
Anzug,suit
Apfelstrudel,apple cake
Arabisch,Arabic (Do you speak Arabic?)
arbeiten,to work
asiatisch,Asian
atmen, to breathe  
attraktiv, attractive  
Aua!, Ouch!  
auch,also
auf,in (auf Deutsch)
auf jeden Fall, at any rate  
Auf Wiederhören!,Talk to you later!
Auf Wiedersehen!,Goodbye!
aufhängen,to hang up
aufhören,to stop (doing something)
aufräumen, to clean up
aufschreiben,to write down
aufstehen,to stand up, to get up
aus,from (He is from Italy.)
aus (Sie geht aus dem Zimmer.), out (She goes out of the room.)
ausdrücken,to express
ausgehen, to go out (Heute abend gehen wir aus.)  
ausgezeichnet, excellent, magnificent  
aushalten,to withstand, to bear (I can’t stand it!)
ausladen, to unload (Wir laden die Möbel aus. - We unload the furniture.)  
ausprobieren,to try out
ausräumen, to clean out, to clear out (Wir räumen den Schrank aus.)  
aussehen (er sieht aus), to look (Das Tuch sieht gut aus.)  
außerdem,in addition
aussteigen,to get off, to deboard
ausstrecken, to stretch out  
Australien, Australia  
auswählen,to choose
auswendig lernen,to memorize
Autobahn,highway
babysitten,to babysit
baden,to bath
bald,soon
bar,cash
Basketball (Ich spiele Basketball.), basketball (sport) (I play basketball.)  
Bayern,Bavaria
beantworten,to answer something
bedeuten, to mean, to signify  
beenden, to end  
beginnen, to begin
bei,at (Ich bin Techniker bei BMW.)
bei (Ich habe einen Termin bei Herrn Mak.), at (I have an appointment at Mr. Mak’s.)
bei uns,at our place
bekommen - to receive
beliebt,popular
bequem, comfortable  
berichten,to report
beruflich,professional(ly); vocational(ly)
beschreiben,to describe
besichtigen,to sightsee, to view
besondere,special
besonders,special; especially
besser, better  
bestellen,to order
bestimmt, certainly, definitely  
besuchen,to visit
betont, stressed, pointed  
bewegen, to move  
bewerben, to apply (Ich bewerbe mich bei der Firma Heinz. - I am applying to the Heinz company.)  
bezahlen,to pay
bieten,to offer
bilden,to educate
billig,cheap
binden,to bind, to tie up
bis,to (von Montag bis Freitag)
Bis bald!,See you soon!
Bis später!,See you later!
bis zu, up to  
bis zum,up to, all the way to (It is 100 meters all the way to the house.)
bitte,please (Please speak slowly.)
Bitte schön!,You’re welcome! (Danke. – Bitte schön!)
bitten,to plead (um Entschuldigung bitten)
blau,blue
bleiben, to stay
blöd, dumb (Das sieht blöd aus.)  
brauchen,to need
braun, brown  
breit,wide
bringen,to bring
buchstabieren,to spell
Bulgarisch,Bulgarian (Do you speak Bulgarian?)
bunt,colorful
Butterbrot,sandwich
ca.,approx.; circa
chatten,to chat
China,China
Chinesisch,Chinese (Ms. Wong speaks Chinese.)
circa,circa, approximately, about
cool,cool
da,there (There is the hotel.)
dabeihaben (er hat dabei), to have (something) with (someone)
danach,after, thereafter
Dänemark, Denmark  
danke,Thank you.
Danke schön.,Thank you.
dann,then (First right, then left.)
das,this, that (This is Julia.)
das Abendessen,dinner
das Alphabet,alphabet
das Alter, (Singular), age  
das Amt, Ämter, office, department
das Angebot,offer
das Arbeitszimmer,study; workroom
das Architekturbüro, -s, architectural firm
das Auto,car
das Baby,baby
das Bad, Bäder, bath
das Bein, -e, leg  
das Beisl, -n - pub
das Beispiel,example
das Bett,bed
das Bier,beer
das Bild,picture
das Brot,bread
das Brötchen,bread roll
das Buch,book
das Büro,office
das Café,café
das Cocktailkleid,cocktail dress
das Computerproblem, -e, computer problem  
das Datum,date (of the year)
das Design, -s, design  
das Design-Atelier, -s, design studio  
das Design-Objekt, -e, designer object  
das Dessert,dessert
das Ding, -e,thing
das Doppelzimmer,double room
das Double-Feature, double feature (two movies shown back to back)
das Duschgel, -s, shower gel  
das Ei,egg
das Einzelzimmer,single room
das Eis,ice, ice cream
das Ende,end
das Ensemble,ensemble
das Erdgeschoss, -e,ground level
das Essen,meal (Das Essen ist lecker.)
das Event,event
das Experiment, -e, experiment  
das Extra-Konzert, special concert
das Extra-Programm, special program
das Fahrrad,bicycle
das Familienfest, -e, family reunion  
das Fazit, -s / -e, conclusion  
das Fenster,window
das Fest,festival
das Fieber,fever
das Filmfest,film festival
das Fischgericht,fish dish
das Fitness-Studio, -s, fitness center, gym
das Fitnessgerät, -e, fitness equipment  
das Fleisch,meat
das Flugzeug,airplane
das Formular,form
das Foto,photo
das Fotoalbum,photo album
das Fotozubehör (Singular), photo accessory  
das Freizeitprogramm, recreational program
das Frosch-Kostüm, -e, frog costume  
das Frühjahr,spring
das Fundbüro, -s, lost and found office  
das Fußballspiel, soccer game
das Fußballstadion,soccer stadium
das Gästebuch,guestbook
das Geburtsdatum,date of birth
das Geld,money
das Gemüse,vegetables
das Gerät,device; appliance
das Geräusch,noise
das Gericht,meal
das Geschäft,store (There are more than 60 stores.)
das Geschenk,present, gift
das Gespräch,conversation
das Getränk,beverage, drink
das Gewicht, (Singular), weight  
das Glas,glass
das Glück,luck
das Gramm,gram
das Hähnchen,chicken
das Halsweh,sore throat
das Handtuch, -tücher, towel  
das Handy,cellphone
das Haus, Häuser, house
das Hausmittel,home remedy
das Heimatland, -länder - homeland
das Hemd, -en, shirt  
das Herz, -en, heart  
das Hobby,hobby
das Hochhaus, -häuser,high-rise
das Holz, Hölzer (meist Singular),wood
das Hotel,hotel
das Interesse,interest
das Internet,internet
das Interview,interview
das Jahr,year
das Kaffeehaus, -häuser - coffee shop (Wir treffen uns im Kaffeehaus.)
das Kamel, -e, camel  
das Kapitel,chapter
das Kaufhaus, -häuser, department store  
das Kilo, -s, kilogram  
das Kilogramm,kilogram
das Kind,child
das Kinderzimmer,nursery; kids’ room
das Kino,movie theater
das Kleid, -er, dress  
das Kleidergeschäft, -e, clothing store  
das Knie, - knee  
das Konzert, concert
das Kostüm, costume  
das Krankenhaus,hospital
das Kunstmuseum,art museum
das Kursfest,class party
das Label, -s, label, brand  
das Land,land, country
das Leben,life (mostly singular)
das Lebensmittel,groceries (mostly plural)
das Lokal, -e - small, local restaurant
das Mädchen,girl
das Mal,time (das nächste Mal)
das Medikament,medicine
das Meer,sea
das Meeting, -s, meeting
das Messer,knife
das Mitglied, -er, member  
das Mittagessen,lunch
das Mittel,remedy
das Motorrad,motorcycle
das Motto,motto
das Mousepad, -s, mousepad  
das Museum,museum
das Müsli,muesli
das Navi,GPS device
das Obst,fruit
das Oktoberfest (meist Singular), Oktoberfest  
das Öl,oil
das Orchester,orchestra
das Paar, -e, pair
das Paket, -e, package  
das Parfüm, -s/-e, perfume  
das Picknick,picnic
das Plakat,poster, placard
das Poster,poster
das Postzimmer, mailroom
das Premium-Mitglied,premium member
das Problem,problem
das Profil,profile
das Projekt, -e, project
das Prozent,percent
das Rathaus,town hall, city hall
das Reethaus, -häuser,thatched cottage
das Regal,shelf
das Reihenhaus, -häuser,rowhouse
das Reisebüro,travel agency
das Reiseziel,travel destination
das Restaurant,restaurant
das Rezept, -e, prescription (Der Arzt gibt mir ein Rezept. - The doctor gives me a prescription.)  
das Salz,salt
das Saxophon,saxophone
das Schiff,ship
das Schild, -er, sign  
das Schlafzimmer,bedroom
das Schnitzel,thin breaded pork chop
das Schwimmbad,swimming pool
das Seminar, -e, seminar
das Shampoo, -s, shampoo  
das Snowboard,snowboard
das Sofa,sofa; couch
das Sommerfest,summer festival
das Souvenir, -s, souvenir  
das Spiel,game
das Sportangebot,sports activities
das Sportstudio, -s, gym
das Stück,piece
das Studio, -s, studio
das Studium, (Singular), studies
das Suppenhuhn,chicken for soup
das Sushi,sushi
das Sweatshirt, -s, sweatshirt  
das Symbol,symbol
das T-Shirt, -s, t-shirt  
das Taxi,taxi
das Team,team
das Telefon,telephone
das Tennis,tennis
das Theater,theater
das Theater-Festival,theater festival
das Thema,theme
das Ticket,ticket
das Tischtennis, -, table tennis  
das Training,practice, training
das Treffen, –, meeting  
das Trinkgeld,tip
das Tuch, Tücher, shawl, handkerchief, cloth  
das Untergeschoss, -e, basement  
das Vitamin,vitamin
das Walking,powerwalking
das Wasser,water
das Wattenmeer, -e, Wadden Sea, intertidal zone of the North Sea  
das Weingebiet, -e - wine-producing area
das Wetter,weather
das Wirtschaftsrecht, (Singular), business law
das Wochenende,weekend
das Wohl,well-being, health
das Wohnhaus, -häuser, apartment complex
das Wohnzimmer,living room
das Wort,word
das Wörterbuch,dictionary
das Zeichen,character (A short message has no more than 140 characters.)
das Zelt,tent
das Zentrum, center
das Ziel,goal
das Zimmer, room
dauern,to last
dazugehören,to include
dein, deine,your (What is your name?)
denken, to think
denn,So I am going shopping now. (Was brauchen wir denn für die Pizza?)
der Abend,evening
der Absender,sender
der Abteilungsleiter, –, head of department  
der Alltag, (Singular), everyday life
der Altbau, -ten,old building
der Anfang,beginning
der Angestellte,employee
der Anruf, -e, call  
der Anrufbeantworter, -, answering machine  
der Anrufer, -, caller  
der Apfel,apple
der Apfelsaft,apple juice
der Apotheker,pharmacist
der April,April
der Arbeitsbeginn (Singular), beginning of the workday
der Arbeitsplatz,workplace
der Arbeitstag,workday
der Architekt,architect
der Ärger,anger
der Arm, -e, arm  
der Arzt,physician (m)
der Aufzug, elevator
der August,August
der Ausflug,trip, excursion
der Ausweis,ID card
der Automat, -en, vending machine  
der Babysitter, babysitter (Ich arbeite als Babysitter. - I work as a babysitter.)  
der Bach,stream, creek
der Bäcker,baker
der Badeanzug,swimsuit
der Badeschuh,water shoe
der Badeurlaub,beach vacation
der Bahnhof,train station
der Balkon,balcony; porch
der Ball,ball
der Basketball, -bälle (Wir brauchen neue Basketbälle.), basketball (object) (We need new basketballs.)  
der Bauch, Bäuche, stomach  
der Becher,cup
der Beginn, beginning
der Berg,mountain
der Bericht,report
der Berliner, –, person from Berlin (I am a real Berliner.)  
der Beruf,occupation
der Besuch, -e, visit  
der Besucher,visitor
der Betreff,subject
der Bewohner, –,resident
der Biergarten, -gärten - beer garden
der Bikini,bikini
der Blick, -e, glance, look  
der Blog, -s, blog  
der Blogbeitrag, -beiträge, blog post  
der Boxer,boxer
der Brief, -e, letter
der Bruder,brother
der Buchhändler, die Buchhandlung, -en, bookseller, bookstore
der Buchladen, -läden, bookstore  
der Buchstabe,letter (of the alphabet)
der Bus,bus
der Campingurlaub,camping vacation
der Cent,cent
der Champignon,mushroom
der Chat,chat
der Chef,chef
der Club,club
der Comic, -s, comic book  
der Computer,computer
der Computerfreak,techie
der Dank (Singular) (Dank sagen), thanks, gratitude (to give thanks)  
der Deckel, –, lid  
der Designer, –, designer  
der Designfan, -s, design fan  
der Dezember,December
der Dialog,dialogue
der Dienstag,Tuesday
der DJ,DJ
der Döner,Turkish pita sandwich
der Donnerstag,Thursday
der Dr./Doktor,Dr./Doctor (doctor’s)
der Dresscode,dress code
der Ehemann,husband
der Ehepartner,spouse
der Einkaufswagen,shopping cart
der Einkaufszettel,grocery list
der Eintritt, entrance, admission fee
der Elektriker,electrician
der Ellbogen, -, elbow  
der Emmentaler,Emmentaler cheese
der Empfang (Singular), reception
der Empfänger,receiver
der Essig,vinegar
der Euro,Euro
der Familienname,family name, last name
der Favorit, -en,favorite
der Februar,February
der Fernseher,television
der Film,film, movie
der Finger, -, finger  
der Fisch,fish
der Fischmarkt,fish market
der Fitnesstest, -s, fitness test  
der Flammkuchen, – - flatbread served with cheese, onions, and lardons
der Flughafen,airport
der Flur,hallway; corridor
der Fluss,river
der Flyer, flyer  
der Föhn, -e, hairdryer  
der Forumsbeitrag,forum post
der Fotoapparat, -e, camera  
der Fotograf, -en, photographer  
der Freitag,Friday
der Freund,friend
der Friseur,hairdresser
der Frosch, Frösche, frog  
der Frühling,spring (mostly singular)
der Fuß, Füße, foot  
der Fußball,soccer ball
der Garten, Gärten, garden
der Gast,guest
der Geburtsort,birth place
der Geburtstag,birthday
der Gepäcktransport,luggage transport
der Grill, -s - grill
der Großvater,grandfather
der Gruß,greeting
der Gürtel, -, belt  
der Hafen,port, harbor
der Halbmarathon, half-marathon
der Hals, Hälse, neck, throat  
der Hauptbahnhof, -bahnhöfe, main train station  
der Hausmeister,caretaker, janitor
der Helfer, assistant  
der Helm,helmet
der Herbst,fall (mostly singular)
der Herd,stove (Careful! The stove is hot.)
der Herr,gentleman
der Hof, Höfe, courtyard, farmyard  
der Honig,honey
der Hund,dog
der Husten,cough
der Hustensaft,cough syrup
der Individualist, -en, individualist  
der Informatiker,computer scientist
der Ingenieur,engineer
der Jänner,January (in Austria)
der Januar,January
der Job, job  
der Journalist, -en, journalist
der Juli,July
der Junge,boy
der Juni,June
der Kaffee,coffee (Do you drink coffee?)
der Kalender,calendar
der Kamillentee,chamomile tea
der Kamm, Kämme, comb  
der Karton,box
der Käse,cheese
der Kassenzettel,receipt
der Katalog, -e, catalog  
der Keks,cookie
der Kellner,waiter
der Kilometer,kilometer
der Kindergarten, -gärten, kindergarten
der Klassiker - classic (noun)
der Koch,cook
der Koffer,suitcase
der Kollege,colleague
der König, -e, king  
der Kontakt,contact
der Konzertbeginn, beginning of the concert
der Kopf, Köpfe, head  
der Kopierraum, -räume, copy room  
der Körper, - body  
der Körperteil, -e, body part  
der Kuchen,cake
der Küchenschrank, -schränke, kitchen cabinet  
der Kugelschreiber, –, ballpoint pen  
der Kühlschrank, -schränke,refrigerator
der Kultfilm, cult film
der Kunde, customer  
der Künstler, –, artist  
der Kurs,course
der Kurztext,short text; blurb
der Landwirt,farmer
der Lehrer,teacher
der Lieblingsfilm,favorite film
der Lieblingsort,favorite town
der Lippenstift, -e, lipstick  
der Liter,liter
der LKW, truck  
der Löffel,spoon
der Loft, -s,loft
der Mai,May
der Mann,man
der Mantel, Mäntel, coat  
der Marathon, marathon
der Markt,market
der Marktplatz,open-air market
der März,March
der Mathe-Test,math test
der Maurer, mason
der Mechaniker,mechanic
der Mensch,person
der Meter,meter (The house is 10 meters high.)
der Mitarbeiter, co-worker, colleague
der Mittag,noon, noon hour
der Mittwoch,Wednesday
der Möbelpacker, mover  
der Modedesigner, –, fashion designer  
der Moment,moment
der Monat,month
der Montag,Monday
der Morgen,morning (Ben joggt am Morgen.)
der Mund,mouth
der Museumsbesuch,museum visit
der Nachbar, -n,neighbor
der Nachhilfelehrer, tutor  
der Nachmittag,afternoon
der Nachname,last name
der Nachrichten-Ticker,news ticker
der Nachteil, -e,downside; disadvantage
der Name,name
der Nikolaus, St. Nick  
der Nikolaus-Job, -s, mall Santa  
der Notarzt,emergency doctor
der November,November
der Nutzer,user
der Oktober,October
der Opa,grandpa
der Orangensaft,orange juice
der Ort,place, area
der Park,park
der Partner,partner (m)
der Passagier,passenger
der Patient,patient
der Pfeffer,pepper
der Physiotherapeut,physical therapist
der Plan,plan
der Platz,space (We have space for 100 people.)
der Podcast,podcast
der Preis, price, prize
der Professor, -en, professor
der Programmierer,programmer
der Promoter, promoter  
der Pulli, -s, pullover  
der Pullover, -, pullover, sweater  
der Rat,advice
der Regen,rain
der Regenschirm,umbrella
der Reis,rice
der Reiseführer,travel guide
der Reisepass,passport
der Rock,rock (music) (I like to listen to jazz and rock.)
der Rücken, - back  
der Saft,juice
der Salat,salad, lettuce
der Samstag,Saturday
der Samstagabend, -e,Saturday night
der Sand (Singular) - sand
der Satz,sentence
der Schaffner,conductor
der Schal, -s, scarf  
der Schinken,ham
der Schlafsack,sleeping bag
der Schluss (Singular), end  
der Schlüssel,key
der Schmerz,pain
der Schmuck (Singular), jewelry  
der Schnee,snow
der Schnupfen,common cold
der Schrank,cabinet; closet
der Schreibtisch,desk
der Schuh, -e, shoe  
der Schuhfan, -s, shoe aficionado  
der Schuhladen, -läden, footwear store  
der Schüler,student (primary or secondary school)
der See,lake
der September,September
der Service,service
der Sessel,armchair
der Shop, -s, shop  
der Skilehrer, ski instructor
der Snowboard-Urlaub,snowboarding vacation
der Sohn,son
der Sommer,summer (mostly singular)
der Sommerurlaub,summer vacation
der Sonnenschein,sunshine
der Sonntag,Sunday
der Sonntagnachmittag,next Sunday afternoon
der Spaziergang,walk, stroll
der Spezialist, -en, specialist  
der Spielplatz, -plätze - playground
der Sport,sport
der Sportartikel, –, sports equipment  
der Sportclub, -s, sports club  
der Sportlehrer, gym teacher
der Sportschuh, -e, athletic shoe  
der Sprachclub,language club
der Sprachkurs,language class
der Stadtmarathon, city marathon
der Stadtpark,city park
der Stadtplan,city map
der Stadturlaub,vacation in the city
der Star,star
der Start,starting line
der Stiefel, -, boot  
der Stock, Stockwerke, floor, level (in a building)
der Stollen, German fruit cake  
der Stress,stress
der Strumpf, Strümpfe, sock  
der Student,student (m)
der Stuhl,chair
der Supermarkt,supermarket
der Tag,day
der Tandempartner,tandem bicycle partner
der Taxifahrer,taxi driver
der Techniker,technician
der Tee,tea
der Teil, -e, part  
der Teller,plate
der Teppich,carpet
der Termin,appointment (Ich habe einen Termin beim Arzt.)
der Terminal,terminal
der Test,test
der Text,text
der Textbaustein, -e,cue words and expressions
der Theaterbesuch,theater visit
der Tipp,tip, hint
der Tisch, -e - table
der Titel, –, title  
der Ton, Töne, sound, tone  
der Trainer, trainer
der Traum-Job, -s, dream job  
der Treffpunkt,meeting point
der Tropfen,drop
der Turm,tower
der Typ, -en, here: guy, person (sl.) (This guy talks a lot.)
der Überraschungstag,surprise day
der Umtausch, exchange  
der Unfall, Unfälle, accident  
der Unterschied,difference
der Urlaub,vacation
der Urlaubsort,resort
der Vater,father
der Verband, Verbände, bandage  
der Vermieter,tenant
der Vertrag, Verträge,contract
der Vormittag,before noon, morning (Am Vormittag esse ich Obst.)
der Vorname,first name
der Vorteil, -e,advantage
der Weg,path, way
der Weihnachtsmarkt, -märkte, Christmas market  
der Wein, -e - wine
der Wind,wind
der Winter,winter (mostly singular)
der Wintertraum, -träume, winter wonderland
der Witz,joke
der Wohnort,hometown
der Zahnarzt,dentist
der Zettel,note; tag
der Zimmerschlüssel,room key
der Zucker,sugar
der Zug,train
der Zwiebelkuchen - onion-bacon pie popular in Rhein-Hesse
der/das Cartoon,cartoon
der/das Joghurt,yogurt
der/die Deutsche,German (person) (Anna is German.)
der/die Jugendliche, -n, youth, young person  
der/die Verwandte,relative
deshalb, therefore  
Deutsch,German (Do you speak German?)
Deutschland,Germany
die Adresse,address (I am writing down your address.)
die Agentur, -en, agency
die Airline,airline
die Aktivität, activity
die Altstadt,old city
die Anforderung, requirement  
die Anleitung, -en, instructions  
die Anmeldung, application, registration
die Anrede,form of address
die Antwort,answer
die Anweisung, -en, instruction, direction  
die Anzeige, -n,ad
die Apfelsaftschorle,apple soda
die Apotheke,pharmacy
die Arbeit,work
die Arbeitswelt, professional world
die Arbeitszeit,working hours
die Architektur,architecture
die Arzthelferin,medical assistant
die Ärztin,physician (f)
die Atmosphäre (Singular), atmosphere  
die Aufgabe,assignment
die Aussage,statement
die Aussicht, -en,view, outlook
die Aussprache,(Singular) pronunciation
die Ausstellung, -en, exhibition  
die Bäckerei,bakery
die Badehose,swim trunks
die Bademode, -n, swimwear  
die Banane,banana
die Bank, Bänke - bench, bank (One sits on long tables and benches.)
die Bar, -s, bar  
die Batterie, -n, battery  
die Bauchschmerzen,stomach pain
die Baustelle, -n, construction site
die Bedienungsanleitung, -en, user’s manual  
die Begrüßung,greeting
die Beiz, -en - pub, tavern
die Besenwirtschaft, -en (in der Schweiz) - (a small tavern selling home-grown wine open only certain times)
die Besprechung,meeting
die Bestellung,order
die Bezahlung, payment  
die Bildgeschichte,picture story
die Birne,pear
die Bluse, -n, blouse  
die Brust, Brüste, chest  
die Bücher,books
die Bühne,stage
die Bürste, -n, brush  
die Buschenschank, -en (in Österreich) - (a small tavern selling home-grown wine open only certain times)
die Butter,butter
die Cafeteria, -s, cafeteria  
die CD, -s, CD  
die Creme, -s, cream  
die Damenmode, -n, women’s fashion  
die Decke, -n,ceiling
die DVD, -s, DVD  
die E-Mail,e-mail (I am writing an e-mail.)
die E-Mail-Adresse,e-mail address
die Ebbe (meist Singular), low tide  
die Ehefrau,wife
die Einladung,invitation
die Einweihungsparty, -s,housewarming party
die Eltern,parents (plural)
die Energie,energy
die Entscheidung, -en, decision  
die Erfahrung, experience  
die Eröffnung,opening
die Erzieherin, -nen, kindergarten teacher
die Extra-Kleidung (Singular), additional clothing, costume  
die Facebook-Webseite,Facebook page
die Fahrkarte,transit ticket
die Fahrradtour,bicycle tour
die Familie,family
die Fantasie,fantasy, imagination
die Fantasie-Wohnung, -en,imaginary apartment
die Farbe, -n,color
die Feier, -n,celebration
die Filtertüte, -n, filter bag  
die Firma,company, firm
die Flasche,bottle
die Flut (meist Singular), high tide  
die Form, -en, form, shape, mold  
die Fotografin,photographer (f)
die Frage,question
die Französischkenntnisse, knowledge of French  
die Frau,woman
die Freizeit,free time
die Freizeitkleidung (Singular), leisure clothes  
die Fremdsprache, -n, foreign language  
die Freundin,female friend, girlfriend
die Gabel,fork
die Geschichte, story, history  
die Geschwister,siblings (plural)
die Gesundheit,health
die Grafik,graph
die Grenze, -n, border  
die Grillparty,cookout
die Größe, -n, size  
die Großeltern,grandparents (plural)
die Großmutter,grandmother
die Großstadt,major city, metropolis
die Gruppe,group
die Grußformel,form of greeting; salutation
die Gurke,cucumber, pickle
die Halbpension,half board, breakfast and lunch included
die Hälfte, -n, half  
die Halsschmerzen,sore throat
die Haltestelle,station, transit stop
die Hand, Hände, hand  
die Handtasche,handbag
die Handynummer,cell phone number
die Hauptstadt, -städte, capital city  
die Hauptstraße,major street; main street
die Hausnummer,house number
die Heizung,heating
die Herrenmode, -n, men’s fashion  
die Hilfe,help (Hilfe!)
die Höhe,height
die Homepage,homepage
die Hose, -n, pants  
die Hotelfachfrau,hotel manager (f)
die Hühnersuppe,chicken soup
die Idee,idea
die Information,information
die Internetseite,web page
die Jacke, -n, jacket  
die Jahreszeit,season
die Jeans,jeans
die Job-Börse, -n, job market  
die Journalistin,journalist (f)
die Jugendherberge,youth hostel
die Juristin,attorney (f)
die Kaffeemaschine, -n, coffee machine
die Kanne, -n (Kaffeekanne), pot, jug  
die Kantine,cafeteria
die Karotte,carrot
die Karte, card, ticket
die Karteikarte,index card
die Kartoffel,potato
die Kellnerin,waitress
die Kinderbetreuung, child care  
die Kirche,church
die Kiste, -n,box
die Kiwi,kiwi
die Klasse, class  
die Klassik,classical music
die Kleidung,attire
die Kleingruppe, -n - small group
die Klinik,clinic
die Kneipe,bar, pub
die Kollegin,colleague (f)
die Kontrolle, -n, check  
die Kopfschmerzen,headache
die Kosmetik (Singular), cosmetics  
die Krankenschwester,nurse (f)
die Kreditkarte,credit card
die Küche, -n, kitchen  
die Kultur-Nacht, cultural night
die Kundin,customer (f)
die Kunsthalle,art gallery
die Küste,coast
die Lage, -n,location, position
die Lampe,lamp
die Landkarte, -n, map  
die Landschaft,landscape
die Laune, -n (meist Singular),mood
die Lehrerin,teacher (f)
die Leiterin, -nen, leader, boss (f)
die Leute,people (Plural)
die Lieblingsmusik,favorite music (singular)
die Lieblingsschokolade, -n, favorite chocolate  
die Limo, -s, limousine  
die Limonade,lemonade
die Literatur,literature
die Lust (Singular), desire  
die Mahlzeit,meal (Ich nehme 3 Mahlzeiten am Tag.)
die Mail,email
die Marketing-Abteilung, -en, marketing department
die Marmelade,jam, marmelade
die Melodie,melody
die Metzgerei,butcher
die Miete,rent
die Milch,milk
die Million,million
die Mindmap,mind map
die Minute,minute
die Mitte,middle (in the middle)
die Möbel,furniture
die Mode, -n, fashion  
die Möglichkeit,possibility
die Museumsnacht, museum night
die Musik,music (Singular)
die Musikschule,music school, conservatory
die Musikstunde,music class
die Mutter,mother
die Muttersprache,mother tongue
die Mütze, -n, cap  
die Nachricht,report, news
die Nacht, Nächte - night
die Nähe,proximity
die Nase,nose
die Nelke,clove
die Neueröffnung, opening, reopening  
die Nordsee,North Sea
die Notiz,note
die Nudel,noodle
die Nummer, -n, number  
die Öffnungszeit, -en, business hours  
die Olive,olive
die Oma,grandma
die Orange,orange
die Ostsee,Baltic Sea
die Ostseeküste,Baltic Sea coast
die Packung,packaging
die Palme, -n - palm tree
die Pantomime,pantomime
die Parfümerie, -n, perfumery, perfume shop  
die Partnerin,partner (f)
die Party,party
die Pause, -n, break
die Personalabteilung, -en, HR department
die Physiotherapie,physical therapy
die Pinnwand,pinboard
die Pizza,pizza
die Pizzeria,pizzeria
die Plattform,platform
die Pommes,fries
die Pommes frites,french fries
die Post (Singular), postal service  
die Postkarte, -n, postcard  
die Postleitzahl,zip code
die Präsentation, -en, presentation
die Praxis,doctor’s office
die Presse (Singular), press  
die Professorin,professor (f)
die Prüfung, test, exam  
die Pünktlichkeit,punctuality
die Radtour,bike trip
die Rechnung,check, bill
die Regel, -n, rule  
die Regenjacke,rain jacket
die Reihenfolge, -n, order, sequence  
die Reise,trip
die Reisetasche,traveling bag
die Rezeption,reception
die Rückenschmerzen,back pain
die S-Bahn,regional train, commuter train
die Sache, -n, thing, matter  
die Sahne,cream
die Saison, -s/-en, season  
die Salbe, -n, salve  
die Sandale,sandal
die Schlaftablette,sleeping pill
die Schmerztablette,painkiller
die Schokolade,chocolate
die Schreibwaren (Plural), stationery, writing materials  
die Schule,school
die Schülerin, student (primary or secondary school, f.)  
die Schweiz,Switzerland
die Schwester, -n, sister  
die Segway-Tour,Segway tour
die Sehenswürdigkeit,tourist attraction
die Seife, -n, soap  
die Seite,side, page
die Sekretärin, -nen, secretary (f)  
die Selbstbedienung (Singular) - self-serve
die Serviette,napkin
die Sinfonie,symphony
die Situation, -en, situation
die Skibrille,ski goggles
die Skischule, -n, ski school
die SMS,text, SMS
die Sonne, -n (meist Singular) - sun
die Sonnenbrille,sunglasses
die Sonnencreme,sunscreen
die Spaghetti,spaghetti (Plural)
die Speise, -n, dish, course  
die Speisekarte,menu
die Spezialität, -en, specialty  
die Spielwaren (Plural), toys  
die Sporthose, -n, sports shorts  
die Sportkleidung (Singular), sportswear  
die Sportübung, -en, sports exercise  
die Sprache,language (I speak many languages.)
die Sprachschule,language school
die Spülmaschine,dishwasher
die Stadt,city
die Stadtbesichtigung,sightseeing in the city
die Städtereise,city trip
die Stadtführung,tour of the city
die Statistik, statistics  
die Stelle,position
die Strandbar, -s - beach bar
die Straße,street
die Straßenbahn,trolley, streetcar, tram
die Straußwirtschaft, -en - (a small tavern selling home-grown wine open only certain times)
die Studentin,student (f)
die Stufe,step
die Stunde,hour (I work eight hours a day.)
die Suppe,soup
die Süßigkeit, -en, sweet, candy  
die Symphoniker,symphony orchestra (plural)
die Tabelle,table, chart
die Tablette,pill
die Tafel,chalkboard
die Tante,aunt
die Tasche, -n, handbag, pocket  
die Tasse,cup
die Taste, -n, key  
die Tätigkeit, -en, activity, occupation
die Technik (Singular), technology  
die Telefonanlage, -n, phone system  
die Telefonnummer,phone number
die Terrasse,terrace; patio
die Tochter,daughter
die Toilette,restroom; bathroom; toilet
die Tomate,tomato
die Tomatensuppe,tomato soup
die Tour,tour
die Tram,tram
die Trendstadt, -städte, trendy city  
die Treppe, -n,stairway
die Trompete,trumpet
die Türkei,Turkey
die Tüte,bag
die U-Bahn,subway (Bus or subway?)
die Überraschung,surprise
die Überschrift, -en, heading, title  
die Übung, -en, exercise, practice  
die Uhr, -en, watch, clock (Do you have a new watch?)  
die Uhrzeit,time of day
die Ukraine,Ukraine
die Umkleidekabine, -n, changing room  
die Uni,university
die Universität,university
die Unterschrift,signature
die USA,USA (Plural)
die Variation, -en, variation  
die Verabredung,appointment, date (Ich habe eine Verabredung mit Anna.)
die Verkäuferin, -nen, saleswoman  
die Vermittlung,arrangement
die Vermutung, -en, assumption, presumption
die Version,version
die Verspätung,delay
die Vorwahl, -en, area code, country code  
die Waschmaschine,washing machine
die Webseite,website
die Welt,world
die Werkstatt,workshop
die Winterjacke,winter jacket
die Woche,week
die Wohnfläche,living space
die Wohnung, -en (Ich habe eine Wohnung in Madrid.), apartment (I have an apartment in Madrid.)
die Wohnungsanzeige, -n,apartment ad
die Wurst,sausage
die Zahl,number
die Zahnschmerzen,toothache
die Zeit,time
die Zeitschrift, -en, magazine, periodical  
die Zeitung,newspaper
die Zwiebel,onion
die/das Cola,cola
diese, this, these  
dir,you (dat.)
direkt,direct(ly) (directly downtown)
diskutieren, to discuss  
doch,indeed
dort,over there
dran kommen,to be (one’s) turn (Whose turn is it now?)
draußen - outside
drücken (Drücken Sie die Taste R.), to press (Press the R key.)  
du,you
dunkel,dark
dunkelbraun, dark brown  
durch, through
dürfen,to be allowed to
duschen,to shower
echt,really (That is really stressful.)
Echt?,Really? (Sofia wird 30. – Echt?)
ehrlich, honest(ly)  
eigen, own  
eigene, eigenes - own
eigentlich,actually
ein, a
ein bisschen,a little
ein paar, a couple, a few
einatmen, to inhale (Atme erst ein, dann aus. - First inhale, then exhale.)  
eine, a
einfach,simple, simply
einfüllen, to fill in  
einige, some
einkaufen,to shop (for necessities)
einladen,to invite (er lädt ein)
einlegen, to insert  
einmal,once
einpacken,to pack
einsammeln,to gather
einschlafen,to fall asleep
einsteigen,to get on, to board
elegant,elegant(ly)
empfehlen, to recommend  
enden, to end
endlich,finally
Englisch,English (I speak English.)
entlang, along (die Straße entlang = along the street)
entschuldigen,to excuse
Entschuldigung,apology
er,he
Erfolg,success
ergänzen,to complete
erkältet,sick with a cold
erklären, to explain  
erst,first (First listen, then speak.)
erste,first (the first time, the second time)
erster, first
erzählen,to tell (a story)
es,it (It is not bad.)
essen,to eat (er isst)
etwas,something
euch,you (pl. dat.)
euer,your
Europa,Europe
extern, external  
Facebook,Facebook
fahren,to drive (er fährt)
falsch,wrong
fast,almost
fehlen,to miss; to lack
feiern,to celebrate
fernsehen,to watch television
fertig,ready (The food is ready.)
fertig (Ich bin ganz fertig.), finished (I am totally finished.)
finden,to find (Ich finde asiatisches Essen toll!)
Finnisch,Finnish (Kari speaks Finnish.)
fleißig, hardworking
fliegen,to fly
formell,formal(ly)
fotografieren,to photograph
fragen,to ask
Frankreich,France
Französisch,French (Do you speak French?)
frei,free
freihaben,to have free, to have off (She has Mondays off.)
freitags, Fridays  
fremd,foreign
freundlich, friendly  
frisch,fresh
früh, early
Frühstück,breakfast
frühstücken,to eat breakfast
fühlen, to feel  
funktionieren,to function
für,for
ganz,whole, entire (125 destinations in the entire world.)
gar nicht, not at all  
geben,here: to be (There are 670 students.)
geboren, born
geehrte,honorable
gefallen,to enjoy, to please (Die Fotos gefallen mir.)
gegenseitig, mutual(ly)  
gehen,to go
gelb,yellow
gelegen,located
gemein, mean, nasty  
gemütlich,comfortable
genau, exact(ly)  
genießen, to savor  
genug,enough
geöffnet, open  
geöffnet - opened
gerade,just now, right now (Ich kann nicht, ich muss gerade lernen.)
geradeaus,straight ahead (always straight ahead)
gern (= gerne),like to (Do you like to listen to music?)
geschafft, managed, done
geschlossen, closed  
gestern, yesterday  
gesund,healthy
getrennt,separate
gewinnen, to win (So gewinnst du neue Kunden. - This is how you win new customers.)  
glauben,to believe
gleich,in a second, soon (The food is nearly ready.)
gleichfalls,likewise
glücklich, happy, lucky  
grau,gray
Griechenland,Greece
Griechisch,Greek
grillen,to grill
groß,large, big (Berlin is very large.)
Großbritannien,Great Britain
grün, green  
Grüß Gott!,Good day!
günstig,low-priced
gut,good
gute Besserung, get well soon  
Gute Nacht!,Good night!
Guten Abend!,Good evening!
Guten Appetit!,Bon appetit!
Guten Morgen!,Good morning!
Guten Tag!,Good day!
Gymnasium, high school  
haben,to have (We have enough space.)
halb,half past (Es ist halb sieben.)
Hallo!,Hello!
halten (er hält), to maintain, to hold  
hart, hard  
hässlich,ugly
heiß,hot
heißen,to be named
helfen,to help
hell,light; bright
hellbraun, light brown  
herzlich,warmly
Herzliche Grüße,warm greetings
heute,today
hier,here
hinlegen, to lie down  
hinter,behind
hoch,high (The cathedral is 120 meters high.)
hochladen,to upload
hochziehen, to pull up  
hoffentlich,hopeful(ly)
holen, to get
Holländisch (Sag das auf Holländisch!), Dutch (Say that in Dutch!)  
hören,to hear
hungrig, hungry  
ich,I
ideal,ideal(ly)
Ihnen,you (formal, dat.)
ihr,you (pl.)
Ihr, Ihre,your (formal), her (What is your cell phone number?)
immer,always
in,in (He lives in Frankfurt.)
in Ordnung,all right
individuell, individual  
informieren,to inform
inhalieren,to inhale
insgesamt,all together
interessant,interesting
interessieren,to interest
intern, internal  
international,international
Irland,Ireland
Italien,Italy
Italienisch,Italian (He speaks Italian.)
ja,yes (Yes, I like it a lot.)
ja klar, of course  
jährlich,yearly
Japan,Japan
Japanisch,Japanese (How do you say that in Japanese?)
jede,every (Every year, we drive to Spain.)
jemand, someone
jetzt,now
jobben, to work odd jobs  
joggen,to jog
jung, young
kalt,cold
Kanada,Canada
Kann ich einen Termin haben?,Can I have an appointment?
Kann ich Ihnen helfen?, Can I help you?  
kaputt,broken
kaufen,to buy
kein,no (There is no hotel here.)
Kein Glück?!,No luck?!
keine,no (There is no hotel here.)
kennen,to know (s.o.)
kennenlernen, to get to know (someone)  
kinderlieb, child-friendly  
klappen,to go well (Everything went well.)
klar,clear (short and clear)
klasse,great, terrific
klassisch,classical
klein,small
klettern,to climb
klingen,to sound, to ring
km,kilometer
kochen,to cook
kombinieren,to combine
komisch, funny, odd
kommen,to come from (Where do you come from?)
kommunikativ, communicative  
können,to be able to (Can you please spell that?)
kontrollieren,to control, to check, to monitor
kosten,to cost
kostenlos,free
krank,sick
Kranke,sick person
kreativ,creative (My work is very creative.)
Kroatien,Croatia
kurz,short
lang,long (The ship is 30 meters long.)
langsam,slow(ly)
langweilig,boring
laufen, to run (Er läuft morgens eine Stunde. = He runs for an hour in the morning.)
laufen (Das Projekt läuft gut.), to run (The project is running well.)
laut,loud(ly) (He speaks loudly.)
leben, to live  
lebendig, living  
lecker,tasty
ledig,single, unmarried
leer, empty
leicht,easy; easily
leider,unfortunately
leidtun,to be sorry, to feel sorry (Es tut mir leid.)
lernen,to learn
lesen,to read
letzte,last, final
lieb haben,to love (someone)
Liebe Grüße,friendly greetings
lieben,to love (I love books.)
liebevoll, loving(ly)  
liegen,here: to be located in (Hamburg is located in Germany.)
lila,purple
links,left
los sein (Was ist los?), to be up, to be wrong (What’s up? What’s wrong?)  
losgehen, to start, to go off (Um 17 Uhr geht es los. - At 5pm, it’s going off.)  
Lust haben, to have a desire, to feel like (doing something)
lustig,funny
machen,to do, to make (What are we doing on Monday?)
mal (Bereiten wir mal die Party vor.), already (Let’s prepare for the party already.)
malen,to draw, to paint
man,one (Here, one can buy everything.)
manchmal,sometimes
männlich,male, masculine
Maori,Maori
markieren,to mark
maximal - maximally, absolutely
mehr,more (More than 100,000 people live here.)
mein,my
meinen,to mean, to think (What do you think?)
meistens - mostly
merken,to notice, to remember
Mexiko,Mexico
mindestens, at least  
mitbringen,to bring with (I am bringing sausages with me.)
mitkommen,to come with
mitmachen, to join in, to participate  
Mittagessen,lunch
mittags,every day at noon
mitten, in the middle of
mobil, mobile, movable
möchte,would like (I would like a piece of cheese.)
modern,modern
mögen,to like, enjoy (Ich mag keinen Fisch.)
Moin!,Good Morning!
monatlich, monthly  
morgen,tomorrow (I have no time tomorrow.)
morgens,mornings, every morning (Anna isst morgens Müsli.)
müde,tired
müssen,to have to (Ich muss am Sonntag arbeiten.)
na,no (coll.)
Na ja (Na ja, es geht.), you know (sl) (You know, it’s OK.)
nach,to (I am traveling to Paris.)
nach Hause,toward home
nachsprechen,to repeat (He repeats the sentence.)
nächste,next
nächste(r), next  
nachts,at night
nass,wet
natürlich,naturally
neben,next to
nee,no (coll.)
negativ,negative
nehmen,to take (Ich nehme auch ein Kilo Äpfel.)
nein,no (No, I don’t like to dance.)
nennen,to name
nervös, nervous  
nett,nice, pleasant
neu,new
Neuseeland,New Zealand
nicht,not (I do not understand that.)
nicht mehr,not anymore (We do not have cheese anymore.)
nichts,nothing, not anything (Ich esse mittags nichts.)
nie,never
nö,no (coll.)
noch,still (What do we still need?)
noch einmal,once more
norddeutsch,North German
normal,normal(ly)
normalerweise,normally
notieren,to note, to jot down
nummerieren,to number
nur,only (Today, we only have fish.)
oder so,or here: this (Do you also like traveling this much?)
offen,open
offiziell,official
öffnen, to open  
oft,often (I often work on Saturdays.)
ohne,without
okay,okay
online,online
orange,orange
ordnen,to arrange
organisieren,to organize
Österreich,Austria
packen,to pack
passen,to match (The purse matches the dress.)
passen (Der Rock passt mir nicht.), to fit (The skirt does not fit me.)  
passieren, to happen  
pauschal, flat-rate, inclusive  
per,via; by
Person,person
persönlich,personally
planen,to plan
Polen,Poland
Polnisch,Polish (Can you speak Polish?)
populär,popular(ly)
Portugal,Portugal
Portugiesisch,Portuguese
positiv,positive
praktisch,practical(ly)
präsentieren,to present
prima,great (sl.)
pro,per (per year)
probieren, to taste, to try  
produzieren,to produce
professionell,professional(ly)
profitieren,to profit
Prost!,Cheers!
pünktlich,punctual, on time
putzen,to clean
qm,square meter; m²
raten,to guess
Rätoromanisch,Romansh
Raum,space; room
rausgehen,to go out
real,real
realisieren, to implement, to realize  
recherchieren,to research
rechts,right
reden, to talk, to speak
regelmäßig,regularly
regnen,to rain (It is raining.)
reisen,to travel
renovieren,to renovate
reparieren,to repair
reservieren,to reserve
richtig,correct
rot,red
Rucksack,backpack
ruhig,quiet(ly)
rum (= herum), around (Wir laufen ein bisschen rum. - We’re going to run around a little.)  
rund,all around, concerning (everything concerning food)
rund (Es gibt rund 1000 Studenten.), about (There are about 1,000 students.)  
Russisch,Russian (Do you speak Russian?)
Russland,Russia
sagen,to say
sammeln,to collect
satt,satiated, full
sauber, clean
sauer,angry (I was angry at first.)
schade,shame, pity (Wie schade!)
schaffen, to create, to manage  
schälen,to peel
scheinen,(Die Sonne scheint heute.) here: to shine (The sun is shining today.)
schenken,to give (as a gift)
schicken,to send
schlafen,to sleep (er schläft)
schließen, to close  
schmecken,to taste (good) (Das schmeckt lecker!)
Schmeckt's?,Does it taste good?
schmutzig,dirty
schneiden,to cut
schneien,to snow (It is snowing.)
schnell,quick(ly)
schon,already
schön,nice (The hotel is very nice.)
schreiben,to write
schwarz,black
Schwedisch,Swedish
schwer, heavy, difficult (Die Aufgabe war schwer.)  
schwimmen,to swim
sehen,to see
sehr,very
sein,to be (I am Gregor.)
seit,since, for (We’ve known each other for 20 years.)
selbst - oneself (Man kann das Essen selbst mitbringen.)
servieren, to serve  
setzen,to set
shoppen,to shop
sich,each other (Die Kollegen treffen sich am Abend.)
sich beschweren,to complain
sich freuen,to please; to be happy
sie,she (This is Anna. She lives in Berlin.)
Sie,you (formal) (What is your name?)
singen,to sing
sitzen - to sit
Ski fahren,to ski
sofort, immediately  
sollen (Ich soll viel schlafen.), be supposed to (I should sleep a lot.)  
sonst,otherwise (Anything else?)
sowieso,anyway
sozial,social(ly)
Spanien,Spain
Spanisch,Spanish (We speak Spanish.)
Spaß (Spaß machen), fun
spät,late (Es tut mir leid, ich bin zu spät.)
später, later  
spazieren gehen,to go for a walk
spielen,to play
spitze,great
sprechen,to speak
stark, strong(ly)  
stattfinden, to take place
stehen, to suit (someone) (Das Kleid steht dir gut.)  
stehen - to stand (Die Leute müssen stehen.)
stellen, to set, to provide  
stimmen,to be right (Stimmt so!)
streng, strict(ly)
stressig,stressful
studieren,to study
stürzen, to fall, to plunge  
suchen,to search
super,super, awesome
surfen,to surf (Ich surfe im Internet.)
Syrien,Syria
täglich,daily
Tandem,tandem bicycle
tanzen,to dance
tatsächlich,actual(ly)
telefonieren,to telephone
telefonisch,by telephone
teuer,expensive
Thai,Thai
Thailand,Thailand
toll,great, awesome
top,top; well (The apartment is well-renovated.)
topaktuell, cutting-edge  
total,total(ly)
tragen,(Er trägt die Kisten nach unten.) to carry (He carries the boxes downstairs.)
trainieren, to train  
träumen, to dream  
treffen,to meet (er trifft) (Anna möchte heute Freunde treffen.)
trinken,to drink
Tschüs!,Bye!
tun,to do (Was kann ich für Sie tun?)
Türkisch,Turkish (I speak Turkish.)
Twitter,Twitter
twittern,to tweet
typisch - typical
üben,to practice
über,over (The town hall is over 110 years old.)
überall - everywhere
überhaupt nicht,not at all
übernehmen, übernimmt, to take over, to assume  
überraschen, to surprise  
Uhr,o’clock
um,at (Um Viertel nach sieben.)
umsteigen,to transfer (public transit)
umtauschen, to exchange  
umziehen,(Sie ziehen nach München um.) to move (to another city) (They are moving to Munich.)
und,and
Ungarisch,Hungarian (She speaks Hungarian.)
ungefähr,approximately
ungesund, unhealthy, unhealthily  
unglaublich,unbelievable
unser,our
unter,under
unterschreiben,to sign (a signature)
unterstreichen,to underline
unterwegs,on the way
Urlaub in Deutschland,vacation in Germany
variieren,to vary
verabreden,to make plans
verabschieden, to say goodbye  
verbinden (Verbinden Sie mich mit Herrn Mak.), to connect (Connect me to Mr. Mak.)  
verdienen (Ich verdiene 3000 Euro im Monat.), to earn (I earn 3,000 Euros per month.)
vergessen (er vergisst), to forget  
vergleichen, to compare  
verheiratet,married
verkaufen, to sell  
verkleiden, to dress up  
verletzt, injured  
verpassen,to miss, to pass (We have missed the bus!)
verraten,to reveal, to betray
verschicken,to send off
verschieden,different
versuchen,to try, to attempt
verteilen, to distribute, to spread  
viel,a lot (I read a lot.)
Viel Spaß!,Have fun!
Viele Grüße,many greetings
Vielen Dank,thank you very much
vielen Dank!,Thank you very much!
vielleicht,maybe
Viertel nach,quarter past (Es ist Viertel nach fünf.)
Viertel vor,quarter to, of (Es ist Viertel vor vier.)
voll - full, totally
von,of (The hobby of Ben’s is jogging.)
von Beruf,by profession
vor,before, of (Es ist zwanzig vor acht.)
vorbei, past (Laufen Sie an der Kirche vorbei. = Run past the church.)
vorbereiten, to prepare (er bereitet vor)  
vorgestern, day before yesterday  
vorher,before
vormittags,before noon, mornings (Ich arbeite nur vormittags.)
vorne,in front, over there (Over there is the hotel.)
vorstellen,to introduce (Introduce your partner.)
wählen,to choose
wahr,true
wahrscheinlich,probably
Walzer,waltz
wandern,to hike, to wander
wann?,when?
warm,warm
warten,to wait
warum?, why?
was?,what?
waschen,to wash (er wäscht)
wechseln,to switch
wecken,to wake up
weg, gone (Wo ist mein Schlüssel? Mein Schlüssel ist weg. - Where is my key? My key is gone.)  
weggehen, to go away  
weglassen, to omit, to leave out (er lässt weg) (Man lässt den Buchstaben weg. - One leaves out the letter.)  
wehtun, to hurt (Mein Zahn tut weh. - My tooth hurts.)  
weiblich,female, feminine
weich,soft
weiß,white
weit,far
weit weg,far away
weiterschicken,to forward; to send on
weitersuchen, to continue searching  
welche?,which?
welches?,which?
wen,whom (For whom?)
wenig,a little, not much
wenn,when
Wer wohnt denn da?,Who lives there?
wer?,who?
werden,to become (Sie hat Geburtstag und wird 30.)
wichtig,important
wie,how
Wie geht’s?,How’s it going?
wie lange?,how long?
Wie macht man das?, How do you do that?  
Wie oft?,How often?
Wie spät …?,What time …? (Wie spät ist es?)
Wie spät ist es?,What time is it?
wie viel?,how much?
Wie war's?,How was it?
wieder,again (Ich bin wieder da.)
wiederholen, to repeat  
wiegen, to weigh  
Willkommen, welcome
windig,windy
wir,we
wirklich,really (I really am not hungry.)
wissen,to know (Ich weiß es nicht.)
wo?,where?
wofür, for what  
woher?,from where?
wohin?,to where?
wohl (Das muss wohl so sein.), indeed; here: I guess (I guess it has to be so.)
wohnen,to live (I live in Spain.)
wollen,to want (Er will in die Berge fahren.)
wunderbar,wonderful
Wunsch,wish
würfeln,to roll (dice)
Würstchen,sausage
zahlen,to pay (Können wir bitte zahlen?)
zeigen, to show  
zentral,central(ly)
zerdrücken,to crush, to mash
ziehen, to pull  
zu, to
zu dritt,in a group of three
zu Fuß,on foot
zu Hause,(Hier bin ich zu Hause.) at home (I am at home here.)
zubereiten,to prepare
zuerst,at first
zufrieden, satisfied  
zum, to the (masc./neut.)
zum Beispiel - for example
Zum Wohl!,Cheers!
zuordnen,to assign
zur, to the (fem.)
zurück,back (Zurück in die Küche!)
zurückschicken, to send back  
zusammen,together
zusammenpassen,to fit together
zusammenziehen,to pull together; to move in together
zuverlässig, reliable, reliably  
zweimal, twice  
zwischen,between
